"evidence_id","paper_role","claim_scope","checkpoint_or_version","configuration","sample_unit","n","reported_or_recomputed_result","source_file","raw_artifact","evidence_grade","allowed_use","mandatory_limitation"
"E01","system setup","training provenance","v6-60K","v5 372 episodes plus y6o 34 episodes","episode/frame","406 episodes; approximately 93.7K frames","packed v6 was reported as 406 episodes and approximately 93.7K frames","../ver/20260805_1640_v5-demo-speed-shaping-v6.md","packed source corpus is not present in the current checkout","C","reported dataset provenance","contemporaneous log value; do not imply that the count was independently reconstructed"
"E02","primary artifact","recorded closed-loop ring-threshold outcome","v6-60K","direct replay; fast instruction; two saved map artifacts; 115 s per trajectory","vehicle trajectory","8","ring-center distance over 5 m: 0/8; recomputed worst distance 2.99 m in r1 and 3.64 m in r2","../ver/20260807_1152_preview-tracking-mode-wins.md","../../eval_out/v6r1_map.json; ../../eval_out/v6r2_map.json; ../../eval_out/v6r1_bridge.log; ../../eval_out/v6r2_bridge.log; ../../tools/eval/compare_segments.py","A","describe the eight saved trajectories and their recomputed threshold outcome; do not call them contract-valid evaluation runs","single track/start and old full-size vehicle snapshot; bridge logs contain nonzero startup watchdog activations while the bridge declares any activation fatal to eval validity; not zero lane contact or a safety guarantee; old y6v lane medians are not raw-backed by v6r1/r2"
"E03","primary artifact","direct replay versus queue-preview recorded differences","v6-60K","fast instruction; replay r1/r2 versus preview r1/r2; teacher-corpus reference line","trajectory and segment","2 trajectories per lane per condition for lane metrics; 4 target trajectories per condition for combined segment counts; 8 all saved trajectories per condition for departure","outer median absolute offset 0.48/0.44 to 0.30/0.26 m; inner maximum segment offset 1.21/1.27 to 0.79/0.93 m; segments over 0.5 m 16/19 to 8/10; departure 0/8 in both across all saved trajectories","../ver/20260807_1152_preview-tracking-mode-wins.md","../../eval_out/v6r1_map.json; ../../eval_out/v6r2_map.json; ../../eval_out/v6pv1_map.json; ../../eval_out/v6pv2_map.json; ../../eval_out/v6r1_bridge.log; ../../eval_out/v6r2_bridge.log; ../../eval_out/v6pv1_bridge.log; ../../eval_out/v6pv2_bridge.log; ../../tools/eval/compare_segments.py","A","descriptive frozen-weight selected-artifact characterization; do not call the trajectories contract-valid evaluation runs","sequential tuning; one track/start; old vehicle/code snapshot; teacher-derived reference line; nonzero startup watchdog activations violate the stated valid-run rule; no statistical, causal, or safety inference"
"E04","historical diagnostic","training-serving observation alignment","mismatch sweep v3y-30K/35K/40K; matched v3y-40K","camera-topic mismatch sweep versus matching the 40K checkpoint to the training camera","reported diagnostic","not consistently recorded in the surviving summary","mismatch-sweep inner/outer lane-center error 3.8/1.8 m versus matched-40K 0.19-0.26/0.15 m; mode flip approximately 1/4 versus 0/4; T4 stop 4/4 after matching","../ver/20260803_1223_camera-mismatch-resolved.md","full raw sweep not identified in the current checkout","C","historical observation-contract diagnostic with sweep and matched checkpoint distinguished","not a same-40K controlled contrast and not a v6 result; per-metric repetitions and raw trajectories are incomplete"
"E05","capability boundary","instruction-conditioned trajectory differentiation","v3y-40K","canonical start; paired expression probes; 75 s","paired contrast","exact repetitions not recoverable from the surviving summary","training expression +2.51 m versus same-instruction +0.05 m; two test expression pairs +0.36 m and +0.06 m; test speed expression 2.33 versus 2.31 m/s","../ver/20260804_1056_y5j-junction-pack-a3-driving.md","surviving raw trajectory bundle not identified","C","historical evidence of response to evaluated training expressions and weak response to two test expressions","not v6; author-defined expressions; no free-form language or generalization claim"
"E06","historical diagnostic","demonstration tail validity","v4 lineage leading to v5","off-ring audit of cruise demonstrations","episode/frame","16 episodes; approximately 1,600 frames; approximately 2 percent","audit identified 16 off-ring episodes carrying lane-following labels","../ver/20260804_1830_cruise-off-ring-poison-found.md","original local packed corpus was deleted after the audit according to the source document","C","data-contract lesson and motivation for task-specific invariants","subsequent v5 both removed contamination and added junction data; never claim a controlled causal ablation"
"E07","secondary diagnostic","targeted DAgger trade-off","v6-60K versus v7-60K","two saved map artifacts per checkpoint; 115 s per trajectory","trajectory and local segment","8 trajectories per checkpoint for departure; one paired local S-curve segment for -1.88 to -1.45 m","ring departure 0/8 for both; one paired local S-curve segment changed from -1.88 to -1.45 m while global lane medians generally worsened","../ver/20260807_0643_dagger-cycle1-verdict.md","../../eval_out/v6r1_map.json; ../../eval_out/v6r2_map.json; ../../eval_out/v7r1_map.json; ../../eval_out/v7r2_map.json; ../../tools/eval/compare_segments.py","B","secondary example of a local recorded difference and global tracking trade-off","v7 checkpoint and complete manifest are absent; the S-curve value is n=1 paired local segment on one track; do not generalize to DAgger overall"
"E08","historical executor diagnostic","geometry-threshold records across tuned configurations","v6-60K","0.70-m geometric threshold under the old 1.75-m-wide vehicle snapshot","map artifact","1-2 per configuration","replay-fast 8 and 8 segments; preview-fast 2 and 5; replay-normal 5; preview-normal 1; preview-normal plus speed cap 0; speed/steering shaping 0 and 0","../vla_lane_keeping_ablation.md; ../ver/20260807_1517_zero-lane-touch-achieved.md","../../eval_out/v6r1_map.json; ../../eval_out/v6r2_map.json; ../../eval_out/v6pv1_map.json; ../../eval_out/v6pv2_map.json; ../../eval_out/v6nrm_map.json; ../../eval_out/v6pvn_map.json; ../../eval_out/v6pvncs_map.json; ../../eval_out/v6combo_map.json; ../../eval_out/v6combo2_map.json; ../../tools/eval/geometric_lane_check.py","C","optional selected-artifact characterization with every condition and replicate shown","tuning track was reused; current vehicle is 0.85 scale; 0.70 m is not a current physical-contact threshold; cap and boost are classical-control rules"
"E09","artifact identity","checkpoint file identity","v6-60K","current local model.safetensors","file hash","1","SHA-256 581773d8ac2c50a921f42930db51be31745c14909103c66910429c11c63ce562","ckpt_v6_60k.sha256","../../models/ckpt_v6_60k/model.safetensors","A","reproducibility metadata","the hash identifies one weight file but does not reconstruct the missing training corpus or complete runtime environment"
